{
	"system" : {
		"platform" : "windows64",
		"os_name" : "Windows 10",
		"os_version" : "10.0"
	},
	"error" : {
		"executable" : "quartus",
		"comment" : "not_applicable",
		"error_message" : "Access Violation at 0X0000000059EE6FD2",
		"source_file" : "unknown",
		"line" : "0",
		"stack_trace" : "\t 0x59ee6fd1: QtGui4 + 0x3a6fd1 (?currentSubWindow@QMdiArea@@QEBAPEAVQMdiSubWindow@@XZ + 0x81)\n\t 0x59ee60fc: QtGui4 + 0x3a60fc (??_FQMdiArea@@QEAAXXZ + 0x62c)\n\t 0x59ee7e54: QtGui4 + 0x3a7e54 (?eventFilter@QMdiArea@@MEAA_NPEAVQObject@@PEAVQEvent@@@Z + 0xb4)\n\t 0x5a5f0a62: QtCore4 + 0x110a62 (?sendThroughApplicationEventFilters@QCoreApplicationPrivate@@QEAA_NPEAVQObject@@PEAVQEvent@@@Z + 0x92)\n\t 0x59b62b7d: QtGui4 + 0x22b7d (?notify_helper@QApplicationPrivate@@QEAA_NPEAVQObject@@PEAVQEvent@@@Z + 0x1d)\n\t 0x59b628ef: QtGui4 + 0x228ef (?notify@QApplication@@UEAA_NPEAVQObject@@PEAVQEvent@@@Z + 0x17bf)\n\t 0x5a5eec4b: QtCore4 + 0x10ec4b (?notifyInternal@QCoreApplication@@AEAA_NPEAVQObject@@PEAVQEvent@@@Z + 0x7b)\n\t 0x59b66138: QtGui4 + 0x26138 (?setActiveWindow@QApplication@@SAXPEAVQWidget@@@Z + 0x278)\n\t 0x59bc7ae1: QtGui4 + 0x87ae1 (?winFocus@QApplication@@QEAAXPEAVQWidget@@_N@Z + 0x31)\n\t 0x59bc88af: QtGui4 + 0x888af (?winMouseButtonUp@QApplication@@SAXXZ + 0xd0f)\n\t0x7ffb4f628230: USER32 + 0x18230 (DispatchMessageW + 0x740)\n\t0x7ffb4f627eeb: USER32 + 0x17eeb (DispatchMessageW + 0x3fb)\n\t0x7ffb4f63306c: USER32 + 0x2306c (GetClassLongW + 0x58c)\n\t0x7ffb4f952c93: ntdll + 0xa2c93 (KiUserCallbackDispatcher + 0x23)\n\t0x7ffb4ce61ef3: win32u + 0x1ef3 (NtUserShowWindow + 0x13)\n\t 0x59bdb2f6: QtGui4 + 0x9b2f6 (?show_sys@QWidgetPrivate@@QEAAXXZ + 0x186)\n\t 0x59bb1cbe: QtGui4 + 0x71cbe (?show_helper@QWidgetPrivate@@QEAAXXZ + 0x22e)\n\t 0x59bb0868: QtGui4 + 0x70868 (?setVisible@QWidget@@UEAAX_N@Z + 0x308)\n\t 0x59f691ed: QtGui4 + 0x4291ed (?setVisible@QDialog@@UEAAX_N@Z + 0xcd)\n\t 0x59f684d1: QtGui4 + 0x4284d1 (?exec@QDialog@@QEAAHXZ + 0xa1)\n\t0x7ffad14aedc7: GCL_AFCQ + 0x9edc7 (?internal_error_display@AFCQ_MSG_DISPLAY@@UEAAXV?$basic_string@DU?$char_traits@D@std@@V?$allocator@D@2@@std@@@Z + 0x277)\n\t0x7ffb2f42dc81: CCL_MSG + 0x1dc81 (?internal_error@MSG_REPORT@@UEAAXAEBV?$basic_string@DU?$char_traits@D@std@@V?$allocator@D@2@@std@@@Z + 0xf1)\n\t0x7ffb2f448817: CCL_MSG + 0x38817 (?finalize@MSG_ERROR_INFO@@QEAAXXZ + 0x97)\n\t0x7ffb2f4492af: CCL_MSG + 0x392af (?report_fatal@MSG_INTERNAL_ERROR@@SAXPEBDPEAX@Z + 0x6f)\n\t0x7ffb2f37451e: CCL_ERR + 0x451e (?err_report_fatal_exception@@YAXPEBDPEAX@Z + 0x7e)\n\t0x7ffb2f374399: CCL_ERR + 0x4399 (?err_handle_fatal_exception@@YAJPEAU_EXCEPTION_POINTERS@@@Z + 0xb9)\n\t0x7ffb4cfe5ceb: KERNELBASE + 0x155ceb (UnhandledExceptionFilter + 0x1eb)\n\t0x7ffb4f98ba71: ntdll + 0xdba71 (LdrResolveDelayLoadsFromDll + 0x1471)\n\t0x7ffb4f952bff: ntdll + 0xa2bff (KiUserApcDispatcher + 0xaf)\n\t0x7ffb4f953cfe: ntdll + 0xa3cfe (__chkstk + 0x12e)\n\t0x7ffb4f8ce455: ntdll + 0x1e455 (RtlFindCharInUnicodeString + 0xa95)\n\t0x7ffb4f952ced: ntdll + 0xa2ced (KiUserExceptionDispatcher + 0x2d)\n\t 0x59eed64c: QtGui4 + 0x3ad64c (?subWindowList@QMdiArea@@QEBA?AV?$QList@PEAVQMdiSubWindow@@@@W4WindowOrder@1@@Z + 0x2bc)\n\t 0x59eeabd5: QtGui4 + 0x3aabd5 (?qt_metacast@QMdiArea@@UEAAPEAXPEBD@Z + 0x3e5)\n\t 0x59eebd60: QtGui4 + 0x3abd60 (?resizeEvent@QMdiArea@@MEAAXPEAVQResizeEvent@@@Z + 0x240)\n\t 0x59ba1fbd: QtGui4 + 0x61fbd (?event@QWidget@@MEAA_NPEAVQEvent@@@Z + 0x50d)\n\t 0x59ec7126: QtGui4 + 0x387126 (?event@QFrame@@MEAA_NPEAVQEvent@@@Z + 0x36)\n\t 0x5a5f0b22: QtCore4 + 0x110b22 (?sendThroughObjectEventFilters@QCoreApplicationPrivate@@QEAA_NPEAVQObject@@PEAVQEvent@@@Z + 0x82)\n\t 0x59b62c41: QtGui4 + 0x22c41 (?notify_helper@QApplicationPrivate@@QEAA_NPEAVQObject@@PEAVQEvent@@@Z + 0xe1)\n\t 0x59b628ef: QtGui4 + 0x228ef (?notify@QApplication@@UEAA_NPEAVQObject@@PEAVQEvent@@@Z + 0x17bf)\n\t 0x5a5eec4b: QtCore4 + 0x10ec4b (?notifyInternal@QCoreApplication@@AEAA_NPEAVQObject@@PEAVQEvent@@@Z + 0x7b)\n\t 0x59bd9bad: QtGui4 + 0x99bad (?setGeometry_sys@QWidgetPrivate@@QEAAXHHHH_N@Z + 0xa7d)\n\t 0x59bad660: QtGui4 + 0x6d660 (?setGeometry@QWidget@@QEAAXAEBVQRect@@@Z + 0xb0)\n\t 0x59f38c80: QtGui4 + 0x3f8c80 (?layoutChildren@QAbstractScrollAreaPrivate@@QEAAXXZ + 0x5e0)\n\t 0x59eee407: QtGui4 + 0x3ae407 (?trUtf8@QMdiArea@@SA?AVQString@@PEBD0H@Z + 0x947)\n\t 0x59eedb3f: QtGui4 + 0x3adb3f (?trUtf8@QMdiArea@@SA?AVQString@@PEBD0H@Z + 0x7f)\n\t 0x59eee64a: QtGui4 + 0x3ae64a (?viewportEvent@QMdiArea@@MEAA_NPEAVQEvent@@@Z + 0x17a)\n\t 0x5a5f0b22: QtCore4 + 0x110b22 (?sendThroughObjectEventFilters@QCoreApplicationPrivate@@QEAA_NPEAVQObject@@PEAVQEvent@@@Z + 0x82)\n\t 0x59b62c41: QtGui4 + 0x22c41 (?notify_helper@QApplicationPrivate@@QEAA_NPEAVQObject@@PEAVQEvent@@@Z + 0xe1)\n\t 0x59b628ef: QtGui4 + 0x228ef (?notify@QApplication@@UEAA_NPEAVQObject@@PEAVQEvent@@@Z + 0x17bf)\n\t 0x5a5eec4b: QtCore4 + 0x10ec4b (?notifyInternal@QCoreApplication@@AEAA_NPEAVQObject@@PEAVQEvent@@@Z + 0x7b)\n\t 0x59ef0051: QtGui4 + 0x3b0051 (?closeEvent@QMdiSubWindow@@MEAAXPEAVQCloseEvent@@@Z + 0xa1)\n\t0x7ffb375ce322: SYS_QUI + 0x3e322 (?closeEvent@QUI_MDI_SUB_WND@@MEAAXPEAVQCloseEvent@@@Z + 0x182)\n\t 0x59ba1fd1: QtGui4 + 0x61fd1 (?event@QWidget@@MEAA_NPEAVQEvent@@@Z + 0x521)\n\t 0x59b62c55: QtGui4 + 0x22c55 (?notify_helper@QApplicationPrivate@@QEAA_NPEAVQObject@@PEAVQEvent@@@Z + 0xf5)\n\t 0x59b628ef: QtGui4 + 0x228ef (?notify@QApplication@@UEAA_NPEAVQObject@@PEAVQEvent@@@Z + 0x17bf)\n\t 0x5a5eec4b: QtCore4 + 0x10ec4b (?notifyInternal@QCoreApplication@@AEAA_NPEAVQObject@@PEAVQEvent@@@Z + 0x7b)\n\t 0x59b9f6e0: QtGui4 + 0x5f6e0 (?close_helper@QWidgetPrivate@@QEAA_NW4CloseMode@1@@Z + 0xb0)\n\t0x7ffb375b4967: SYS_QUI + 0x24967 (?close_all_in_list@QUI_FRAME_WND@@IEAA_NV?$QList@PEAVQMdiSubWindow@@@@PEAVQMdiSubWindow@@U_GUID@@@Z + 0x227)\n\t0x7ffb375b4abf: SYS_QUI + 0x24abf (?close_all_windows@QUI_FRAME_WND@@QEAA_NU_GUID@@@Z + 0xff)\n\t0x7ffb375b463f: SYS_QUI + 0x2463f (?closeEvent@QUI_FRAME_WND@@MEAAXPEAVQCloseEvent@@@Z + 0x1ef)\n\t 0x59ba1fd1: QtGui4 + 0x61fd1 (?event@QWidget@@MEAA_NPEAVQEvent@@@Z + 0x521)\n\t 0x59ede830: QtGui4 + 0x39e830 (?event@QMainWindow@@MEAA_NPEAVQEvent@@@Z + 0x280)\n\t 0x59b62c55: QtGui4 + 0x22c55 (?notify_helper@QApplicationPrivate@@QEAA_NPEAVQObject@@PEAVQEvent@@@Z + 0xf5)\n\t 0x59b628ef: QtGui4 + 0x228ef (?notify@QApplication@@UEAA_NPEAVQObject@@PEAVQEvent@@@Z + 0x17bf)\n\t 0x5a5eec4b: QtCore4 + 0x10ec4b (?notifyInternal@QCoreApplication@@AEAA_NPEAVQObject@@PEAVQEvent@@@Z + 0x7b)\n\t 0x59b9f6d8: QtGui4 + 0x5f6d8 (?close_helper@QWidgetPrivate@@QEAA_NW4CloseMode@1@@Z + 0xa8)\n\t 0x59bc8ba6: QtGui4 + 0x88ba6 (?winMouseButtonUp@QApplication@@SAXXZ + 0x1006)\n\t0x7ffb4f628230: USER32 + 0x18230 (DispatchMessageW + 0x740)\n\t0x7ffb4f627eeb: USER32 + 0x17eeb (DispatchMessageW + 0x3fb)\n\t0x7ffb4f63306c: USER32 + 0x2306c (GetClassLongW + 0x58c)\n\t0x7ffb4f952c93: ntdll + 0xa2c93 (KiUserCallbackDispatcher + 0x23)\n\t0x7ffb4ce61553: win32u + 0x1553 (NtUserMessageCall + 0x13)\n\t0x7ffb4f626644: USER32 + 0x16644 (GetDlgCtrlID + 0x5c4)\n\t0x7ffb4f626151: USER32 + 0x16151 (GetDlgCtrlID + 0xd1)\n\t0x7ffb49dbf48f: uxtheme + 0x1f48f (Ordinal43 + 0x26f)\n\t0x7ffb49da3031: uxtheme + 0x3031 (GetThemeEnumValue + 0x131)\n\t0x7ffb49db6d9b: uxtheme + 0x16d9b (CloseThemeData + 0x1fab)\n\t0x7ffb49db5820: uxtheme + 0x15820 (CloseThemeData + 0xa30)\n\t0x7ffb4f6262d4: USER32 + 0x162d4 (GetDlgCtrlID + 0x254)\n\t 0x5a040887: QtGui4 + 0x500887 (?widgetDestroyed@QInputContext@@UEAAXPEAVQWidget@@@Z + 0x307)\n\t 0x59bc8b65: QtGui4 + 0x88b65 (?winMouseButtonUp@QApplication@@SAXXZ + 0xfc5)\n\t0x7ffb4f628230: USER32 + 0x18230 (DispatchMessageW + 0x740)\n\t0x7ffb4f627eeb: USER32 + 0x17eeb (DispatchMessageW + 0x3fb)\n\t0x7ffb4f63306c: USER32 + 0x2306c (GetClassLongW + 0x58c)\n\t0x7ffb4f952c93: ntdll + 0xa2c93 (KiUserCallbackDispatcher + 0x23)\n\t0x7ffb4ce614d3: win32u + 0x14d3 (NtUserPeekMessage + 0x13)\n\t0x7ffb4f631b8e: USER32 + 0x21b8e (PeekMessageW + 0x1ce)\n\t0x7ffb4f631a5b: USER32 + 0x21a5b (PeekMessageW + 0x9b)\n\t 0x5a6137e3: QtCore4 + 0x1337e3 (?processEvents@QEventDispatcherWin32@@UEAA_NV?$QFlags@W4ProcessEventsFlag@QEventLoop@@@@@Z + 0x243)\n\t 0x59bc2004: QtGui4 + 0x82004 (?openPopup@QApplicationPrivate@@QEAAXPEAVQWidget@@@Z + 0x204)\n\t 0x5a5ebb7b: QtCore4 + 0x10bb7b (?exec@QEventLoop@@QEAAHV?$QFlags@W4ProcessEventsFlag@QEventLoop@@@@@Z + 0x22b)\n\t 0x5a5ee18f: QtCore4 + 0x10e18f (?exec@QCoreApplication@@SAHXZ + 0xdf)\n\t0x7ff601e7198b: quartus + 0x198b (?qgq_main@",
		"subsystem" : "unknown"
	},
	"quartus" : {
		"quartus_bits" : "64",
		"version" : "19.1.0",
		"build" : "670",
		"edition" : "Lite Edition"
	}
}