{
	"partitions" : [
		{
			"name" : "Top",
			"pins" : [
				{
					"name" : "BB_SYSTEM_max7219DIN_Out",
					"strict" : false
				},
				{
					"name" : "BB_SYSTEM_max7219NCS_Out",
					"strict" : false
				},
				{
					"name" : "BB_SYSTEM_max7219CLK_Out",
					"strict" : false
				},
				{
					"name" : "BB_SYSTEM_CLOCK_50",
					"strict" : false
				},
				{
					"name" : "BB_SYSTEM_RESET_InHigh",
					"strict" : false
				},
				{
					"name" : "BB_SYSTEM_p1rightButton_InLow",
					"strict" : false
				},
				{
					"name" : "BB_SYSTEM_p1leftButton_InLow",
					"strict" : false
				},
				{
					"name" : "BB_SYSTEM_p2leftButton_InLow",
					"strict" : false
				},
				{
					"name" : "BB_SYSTEM_p2rightButton_InLow",
					"strict" : false
				},
				{
					"name" : "BB_SYSTEM_startButton_InLow",
					"strict" : false
				}
			]
		}
	]
}